SS,FSR,FQE,FRU,PU,IPR,FPPP,GPH,GUE,MS,GPHD,RD,WD,ESCS,PCS,PR,insti_id,rank,domain,OE+MIR
18.5,30.0,17.2,30.0,34.22,14.0,10.0,31.07,15.0,19.54,16.68,20.74,14.85,7.66,20.0,100.0,IR-E-U-0456,1,Engineering,
16.45,25.04,16.68,27.72,35.0,13.0,9.01,30.94,11.93,20.91,17.89,20.04,14.71,725.0,20.0,93.97,IR-E-I-1074,2,Engineering,
18.5,26.28,16.97,26.22,30.64,14.0,9.93,32.5,13.88,20.67,20.0,18.72,15.04,5.37,20.0,85.04,IR-E-U-0306,3,Engineering,
18.18,28.02,19.03,26.55,27.87,12.0,885.0,36.16,15.0,21.62,15.3,18.47,13.5,721.0,20.0,78.49,IR-E-I-1075,4,Engineering,
18.23,26.62,17.52,22.88,3117.0,7.0,618.0,25.27,13.42,21.34,19.79,21.72,14.72,7.8,20.0,7457.0,IR-E-U-0573,5,Engineering,
17.75,22.13,14.71,21.46,30.12,8.0,636.0,38.07,15.0,19.98,12.78,23.7,12.84,737.0,20.0,60.98,IR-E-U-0560,6,Engineering,
12.49,30.0,19.83,25.71,25.32,5.0,7.68,34.25,15.0,21.27,8.69,17.5,12.3,459.0,20.0,61.98,IR-E-U-0013,7,Engineering,
17.86,23.91,13.51,18.32,28.62,9.0,7.05,33.43,14.25,21.5,15.5,23.69,11.63,6.08,20.0,52.06,IR-E-U-0053,8,Engineering,
17.5,21.87,1415.0,19.73,24.63,6.5,2.34,35.15,15.0,17.86,10.69,16.27,20.28,821.0,20.0,66.54,IR-E-U-0467,9,Engineering,
17.62,18.42,12.79,17.56,23.62,8.0,3.74,36.72,14.74,20.81,13.76,18.81,11.26,10.44,20.0,55.64,IR-E-U-0701,10,Engineering,
19.0,2749.0,17.19,18.4,23.74,5.0,1.63,38.24,15.0,20.22,758.0,21.04,19.24,0.13,20.0,32.29,IR-E-U-0391,11,Engineering,
12.55,30.0,18.52,20.19,24.77,450.0,5.93,31.65,14.79,20.85,9.23,20.94,15.99,685.0,20.0,2745.0,IR-E-U-0273,12,Engineering,
17.5,29.09,19.21,17.74,25.69,450.0,3.74,32.95,15.0,16.93,12.01,14.91,17.69,913.0,20.0,22.37,IR-E-U-0357,13,Engineering,
17.82,30.0,17.39,13.48,26.13,11.0,0.5,29.53,13.46,10.78,11.65,21.05,24.94,1.1,20.0,1745.0,IR-E-U-0473,14,Engineering,
15.87,23.22,15.55,18.2,26.02,5.0,3.52,3152.0,13.09,17.84,14.57,20.91,12.54,791.0,20.0,32.29,IR-E-U-0205,15,Engineering,
20.0,22.26,1431.0,10.2,24.62,9.0,0.42,29.58,15.0,13.93,13.72,18.25,22.64,0.12,20.0,43.97,IR-E-U-0490,16,Engineering,
17.5,20.2,13.44,24.24,21.87,5.0,414.0,34.53,15.0,17.8,10.78,16.23,16.71,955.0,20.0,45.7,IR-E-U-0237,17,Engineering,
18.25,29.14,18.19,13.97,25.78,450.0,3.68,30.76,13.61,15.19,11.91,427.0,18.64,5.69,20.0,37.0,IR-E-U-0575,18,Engineering,
12.48,28.35,18.22,20.2,22.28,425.0,725.0,33.29,13.98,21.2,9.93,19.24,15.14,957.0,20.0,21.73,IR-E-U-0064,19,Engineering,
17.86,24.65,14.13,12.8,22.92,11.0,321.0,25.5,12.51,12.61,12.66,0.57,25.09,5.46,20.0,60.73,IR-E-U-0439,20,Engineering,
16.0,29.16,19.59,18.89,17.25,5.0,1.69,38.15,15.0,16.3,9.66,14.0,22.32,10.34,20.0,34.71,IR-E-U-0263,21,Engineering,
19.0,29.56,19.73,17.06,16.72,7.0,157.0,3431.0,15.0,10.56,10.61,21.86,30.0,140.0,20.0,24.03,IR-E-U-0363,22,Engineering,
18.0,29.38,17.63,15.73,22.13,450.0,3.18,36.0,15.0,11.81,491.0,18.13,22.69,3.37,20.0,27.53,IR-E-U-0436,23,Engineering,
10.5,26.57,13.75,16.67,27.3,125.0,4.93,39.74,15.0,15.64,7.9,23.1,15.07,9.02,20.0,20.43,IR-E-U-0108,24,Engineering,
11.5,29.57,19.18,25.57,16.54,0.75,8.61,34.77,15.0,18.27,658.0,21.78,17.93,4.1,20.0,29.36,IR-E-U-0139,25,Engineering,
12.45,28.57,19.36,2151.0,18.38,2.5,3.74,35.94,14.22,21.2,6.94,23.66,19.44,5.67,20.0,21.95,IR-E-U-0184,26,Engineering,
12.5,30.0,18.99,25.44,17.94,125.0,641.0,34.34,14.92,18.04,34.0,19.56,20.63,621.0,20.0,12.93,IR-E-U-0395,27,Engineering,
19.0,30.0,12.01,12.0,21.17,2.25,114.0,37.76,15.0,1749.0,8.92,13.79,19.26,177.0,20.0,36.25,IR-E-U-0098,30,Engineering,
17.88,28.58,16.03,10.77,21.31,11.0,0.82,22.6,15.0,13.17,8.4,22.4,29.95,198.0,20.0,18.39,IR-E-U-0747,31,Engineering,
11.7,24.53,15.5,20.73,20.79,1.0,6.1,3174.0,15.0,20.05,8.4,20.36,12.44,761.0,20.0,25.23,IR-E-U-0378,32,Engineering,
16.49,30.0,18.76,12.78,16.03,8.0,0.85,36.69,15.0,11.39,9.08,19.5,30.0,7.68,20.0,727.0,IR-E-U-0458,33,Engineering,
11.0,30.0,18.26,17.6,2631.0,2.0,2.46,34.23,13.16,11.06,5.72,5.45,12.14,3.59,20.0,23.0,IR-E-U-0496,34,Engineering,
18.65,30.0,18.24,10.66,20.38,6.0,0.74,30.8,15.0,13.06,11.07,15.53,29.91,140.0,20.0,4.12,IR-E-U-0020,35,Engineering,
20.0,26.24,16.79,15.61,16.92,9.0,2.75,21.49,15.0,11.77,12.05,25.22,30.0,2.06,20.0,10.76,IR-E-U-0356,36,Engineering,
13.6,24.67,15.49,12.92,28.14,11.0,0.87,29.52,15.0,10.78,6.73,14.84,23.95,0.23,20.0,6.04,IR-E-U-0497,37,Engineering,
9.08,28.8,18.76,19.2,19.02,1.5,652.0,30.54,12.38,25.0,2.81,19.58,21.08,2.66,20.0,22.58,IR-E-U-0014,38,Engineering,
11.05,26.69,18.34,18.49,16.02,2.25,421.0,34.65,15.0,18.42,6.99,21.64,15.7,534.0,20.0,28.27,IR-E-U-0355,39,Engineering,
17.5,30.0,18.91,14.07,11.85,3.0,3.37,35.14,15.0,12.91,10.65,18.86,28.86,5.08,20.0,10.76,IR-E-U-0476,40,Engineering,
11.5,28.08,18.48,18.3,17.85,7.0,642.0,29.43,15.0,13.64,688.0,5.96,24.32,3.06,20.0,16.24,IR-E-U-0308,41,Engineering,
15.39,23.74,15.26,14.9,23.16,2.25,3.85,31.5,14.98,15.45,8.3,12.92,19.95,727.0,20.0,10.48,IR-E-U-0410,42,Engineering,
15.5,24.22,14.62,16.99,22.23,7.0,0.54,27.61,15.0,11.25,0.39,20.53,22.0,0.12,20.0,18.16,IR-E-U-0564,43,Engineering,
13.31,24.99,16.52,16.73,17.27,6.5,3.66,33.54,15.0,15.55,784.0,11.64,19.02,5.38,20.0,18.16,IR-E-U-0334,44,Engineering,
16.02,30.0,19.99,9.76,26.76,5.0,0.79,14.87,13.58,9.04,3.09,18.89,28.22,412.0,20.0,1.07,IR-E-I-1441,45,Engineering,
10.8,28.57,16.81,13.5,24.95,4.0,0.62,32.25,15.0,12.62,5.51,11.3,22.87,51.0,20.0,12.13,IR-E-U-0329,46,Engineering,
12.5,28.43,15.86,14.5,20.36,2.5,141.0,35.64,15.0,13.39,5.98,4.03,25.71,8.04,20.0,17.21,IR-E-C-16604,47,Engineering,
18.0,24.34,13.63,7.08,16.78,13.0,0.21,30.09,15.0,12.54,491.0,2451.0,19.94,243.0,20.0,20.21,IR-E-U-0379,48,Engineering,
14.07,24.73,16.78,15.67,17.64,125.0,2.74,38.31,15.0,15.83,8.78,14.32,14.84,9.22,20.0,16.97,IR-E-U-0577,49,Engineering,
14.42,22.03,15.09,15.06,24.39,2.25,,30.81,15.0,16.53,782.0,12.76,15.85,,20.0,9.92,IR-E-U-0055,50,Engineering,
13.45,30.0,17.05,15.72,18.52,1.0,2.1,30.39,15.0,15.06,5.58,11.39,18.97,,20.0,19.31,IR-E-U-0202,51,Engineering,
12.75,28.39,15.53,11.97,2155.0,11.0,114.0,20.07,14.26,10.95,2.22,13.41,24.01,0.96,20.0,27.34,IR-E-U-0555,52,Engineering,
12.3,19.7,13.45,13.5,22.01,5.0,2.28,36.78,15.0,14.19,784.0,9.32,11.79,11.9,20.0,635.0,IR-E-U-0072,53,Engineering,
12.27,23.03,14.85,16.17,17.14,2.25,1.86,34.72,13.48,13.42,9.3,10.28,15.66,6.5,20.0,29.71,IR-E-U-0584,54,Engineering,
14.0,29.97,1439.0,12.9,18.15,2.0,0.97,28.44,13.28,13.89,627.0,13.96,20.98,782.0,20.0,11.86,IR-E-U-0374,55,Engineering,
7.95,30.0,18.14,24.63,12.38,0.0,636.0,25.56,14.25,18.17,2.06,19.59,12.46,5.73,20.0,15.0,IR-E-U-0906,56,Engineering,
871.0,30.0,17.64,25.61,842.0,0.0,4.63,33.17,15.0,17.23,0.77,14.49,12.26,725.0,20.0,26.59,IR-E-U-0844,57,Engineering,
14.84,29.28,17.07,10.49,15.23,7.0,0.77,30.5,15.0,12.13,1.01,22.47,26.55,0.15,20.0,5.09,IR-E-U-0749,58,Engineering,
15.89,26.6,15.02,10.76,17.03,4.0,0.28,27.19,14.71,13.75,5.13,16.49,21.39,0.7,20.0,15.5,IR-E-C-7252,59,Engineering,
13.5,30.0,19.38,13.64,9.46,0.75,317.0,3134.0,15.0,1435.0,7.9,11.87,29.26,10.28,20.0,12.13,IR-E-U-0739,60,Engineering,
8.65,29.18,15.78,22.27,11.84,1.0,2.23,33.85,13.18,15.9,401.0,17.61,18.57,5.86,18.0,27.34,IR-E-U-0255,61,Engineering,
15.79,18.67,12.9,15.78,16.19,2.5,2.01,35.03,15.0,17.63,6.7,12.54,12.88,9.96,20.0,15.5,IR-E-U-0530,62,Engineering,
12.0,24.63,13.67,16.16,12.91,0.0,454.0,34.83,15.0,19.95,3.96,12.66,19.09,0.99,20.0,23.21,IR-E-U-0105,63,Engineering,
723.0,30.0,16.9,20.16,10.28,0.75,469.0,28.8,14.84,17.01,152.0,19.26,21.13,5.53,20.0,20.87,IR-E-U-0878,64,Engineering,
8.5,18.95,12.99,22.32,13.63,0.5,,34.43,15.0,18.65,3.18,1771.0,20.72,11.08,20.0,19.53,IR-E-U-0622,65,Engineering,
13.2,20.86,13.09,15.27,18.57,425.0,245.0,27.44,14.79,14.28,,11.53,18.83,3.86,20.0,11.86,IR-E-U-0149,66,Engineering,
17.99,28.43,14.44,958.0,13.07,7.0,1.07,22.27,14.56,10.07,479.0,22.27,2751.0,2.07,20.0,10.76,IR-E-U-0474,67,Engineering,
15.19,30.0,15.55,943.0,9.94,450.0,0.7,30.64,14.84,12.17,271.0,0.79,24.66,2.07,20.0,48.83,IR-E-C-37013,68,Engineering,
8.19,21.47,12.78,25.89,933.0,0.25,8.13,31.22,15.0,23.58,147.0,21.08,18.86,0.0,20.0,24.63,IR-E-U-0221,69,Engineering,
15.48,26.44,14.08,12.09,1141.0,0.5,41.0,32.78,15.0,19.26,6.73,8.98,19.65,3.34,20.0,19.08,IR-E-C-6379,70,Engineering,
10.89,30.0,18.18,11.34,8.29,4.0,137.0,35.21,14.97,13.95,733.0,17.61,30.0,3.79,20.0,4.12,IR-E-U-0389,71,Engineering,
622.0,28.75,17.57,24.45,737.0,0.5,8.69,31.87,1481.0,17.63,0.83,21.42,10.75,685.0,20.0,847.0,IR-E-U-0946,72,Engineering,
13.01,19.86,13.23,16.29,14.9,2.25,,32.38,15.0,15.14,,13.7,16.83,13.8,20.0,5.73,IR-E-U-0197,73,Engineering,
461.0,30.0,17.5,14.38,25.02,0.5,4.29,16.43,6.99,1451.0,5.51,8.79,20.2,0.0,20.0,7387.0,IR-E-U-0042,74,Engineering,
14.5,28.93,15.52,11.43,1141.0,5.0,0.59,33.25,15.0,12.56,1.96,921.0,24.91,2.39,20.0,15.5,IR-E-C-1331,75,Engineering,
10.15,28.17,16.35,10.97,22.33,5.0,0.14,12.57,11.39,10.11,0.45,18.39,22.42,2.22,20.0,19.53,IR-E-U-0217,76,Engineering,
8.04,30.0,17.08,19.88,658.0,0.0,4.1,29.84,15.0,17.55,141.0,19.04,13.88,4.93,20.0,22.58,IR-E-U-0899,77,Engineering,
9.5,30.0,18.02,20.26,618.0,0.0,3.2,35.82,15.0,13.79,2.81,16.07,18.02,1.9,20.0,0.72,IR-E-U-0535,78,Engineering,
10.0,30.0,15.82,22.29,11.78,1.0,0.15,24.88,15.0,8.66,2.62,23.23,20.65,2.56,20.0,0.72,IR-E-U-0384,79,Engineering,
17.3,30.0,17.18,721.0,758.0,2.5,0.89,28.41,15.0,9.68,541.0,13.23,28.89,728.0,20.0,17.21,IR-E-U-0043,80,Engineering,
14.72,15.66,11.03,13.33,15.18,2.5,1.87,36.08,15.0,16.5,5.68,11.6,15.35,5.97,20.0,9.92,IR-E-U-0284,81,Engineering,
12.14,19.54,13.36,14.68,12.51,125.0,1.86,39.31,15.0,15.5,5.98,13.49,1458.0,10.51,20.0,635.0,IR-E-U-0207,82,Engineering,
644.0,26.72,15.61,17.72,14.07,0.25,3.69,31.89,1245.0,15.04,3.23,10.24,17.0,11.22,20.0,727.0,IR-E-U-0619,83,Engineering,
14.05,28.83,16.05,9.56,16.64,5.0,127.0,16.16,11.39,11.95,3.49,15.6,24.32,2.27,20.0,3.79,IR-E-U-0223,84,Engineering,
15.19,15.35,9.72,13.49,15.06,2.5,1.76,31.85,15.0,15.34,445.0,12.96,13.74,8.73,20.0,1745.0,IR-E-U-0172,85,Engineering,
13.82,17.54,12.03,11.47,17.91,2.25,1.07,29.73,15.0,14.23,731.0,1148.0,14.46,851.0,20.0,477.0,IR-E-U-0092,86,Engineering,
15.5,28.22,16.39,6.6,13.64,6.0,0.52,22.03,13.99,858.0,141.0,21.87,21.13,434.0,20.0,7387.0,IR-E-U-0489,87,Engineering,
11.5,30.0,14.82,19.84,4.04,1.5,1.73,26.24,15.0,11.49,9.08,16.82,30.0,11.46,20.0,3.79,IR-E-C-24004,88,Engineering,
13.34,16.96,10.01,10.67,17.94,11.0,0.13,21.32,15.0,12.41,3.49,16.52,25.32,0.95,20.0,541.0,IR-E-U-0373,89,Engineering,
14.0,18.25,11.03,17.88,10.05,2.0,425.0,35.13,15.0,15.04,2.52,191.0,23.47,5.51,20.0,28.82,IR-E-U-1257,90,Engineering,
16.5,30.0,18.28,887.0,8.57,3.0,0.06,30.48,15.0,9.61,0.7,8.1,29.86,7.0,20.0,8.76,IR-E-C-19754,91,Engineering,
3.78,27.38,16.57,20.97,13.01,1.0,9.78,20.75,10.66,19.13,158.0,919.0,17.83,0.0,20.0,445.0,IR-E-U-0297,92,Engineering,
11.22,17.69,10.31,8.36,19.64,125.0,3.37,27.72,12.61,13.1,3.36,19.98,21.08,242.0,20.0,15.75,IR-E-U-0078,93,Engineering,
15.5,30.0,15.53,14.14,8.86,1.0,2.0,22.89,15.0,9.87,185.0,8.89,30.0,8.7,20.0,787.0,IR-E-U-0017,94,Engineering,
16.5,30.0,1741.0,13.65,2.48,2.0,0.46,31.6,15.0,10.72,2.22,16.81,29.39,5.39,20.0,11.86,IR-E-C-30045,95,Engineering,
8.02,22.19,15.14,15.19,8.46,0.0,114.0,38.91,15.0,21.59,1.69,21.38,14.75,2.59,20.0,847.0,IR-E-U-0267,96,Engineering,
13.0,18.24,12.4,11.67,13.63,125.0,1.07,3241.0,15.0,13.89,433.0,12.32,16.52,8.73,20.0,934.0,IR-E-U-0189,97,Engineering,
15.5,19.89,13.28,12.47,15.34,4.0,0.84,30.74,15.0,11.6,1.06,2.55,14.86,146.0,20.0,4.12,IR-E-U-0147,98,Engineering,
8.68,22.4,15.21,14.3,9.72,2.25,131.0,30.33,15.0,13.44,3.09,14.64,18.24,10.85,20.0,12.13,IR-E-U-0621,99,Engineering,
14.0,28.9,12.78,12.79,9.4,2.5,0.51,36.08,15.0,11.44,0.89,2.63,23.07,3.55,20.0,697.0,IR-E-C-36995,100,Engineering,
17.0,23.15,16.69,20.0,32.94,14.0,10.88,,60.0,,27.01,2141.0,14.57,7.66,20.0,100.0,IR-O-U-0456,1,Overall,13.75
12.5,25.0,18.69,19.78,35.0,13.0,9.28,,37.79,,25.9,23.61,13.16,3.52,20.0,98.41,IR-O-U-0220,2,Overall,10.5
17.0,22.48,16.97,15.21,31.26,14.0,24.0,,56.01,,30.02,19.14,15.62,5.37,20.0,83.35,IR-O-U-0306,3,Overall,12.13
15.24,21.12,16.83,15.76,33.55,13.0,,,48.16,,26.55,20.53,15.76,725.0,20.0,92.23,IR-O-I-1074,4,Overall,11.56
16.77,23.9,19.32,14.93,27.93,12.0,633.0,,60.0,,22.01,18.95,14.22,721.0,20.0,72.56,IR-O-I-1075,5,Overall,11.44
17.55,18.8,15.13,11.88,29.46,7.0,458.0,,51.39,,30.13,20.81,13.95,5.88,20.0,69.51,IR-O-U-0573,6,Overall,14.38
16.32,18.64,14.73,,29.44,8.0,541.0,,60.0,,22.9,24.18,13.41,736.0,20.0,51.24,IR-O-U-0560,7,Overall,11.63
11.0,25.0,17.39,20.0,31.62,2.25,438.0,,60.0,,8.65,21.94,28.54,44.0,20.0,75.4,IR-O-N-15,8,Overall,2.25
16.69,25.0,16.89,11.69,2145.0,2.5,0.96,,60.0,,39.93,24.44,27.22,716.0,20.0,54.13,IR-O-U-0109,9,Overall,5.25
19.36,21.77,17.42,11.37,21.4,2.25,3.39,,60.0,,35.42,12.68,29.21,4.07,20.0,47.63,IR-O-U-0500,10,Overall,6.5
16.88,18.23,12.64,9.9,28.01,9.0,3.86,,60.0,,22.12,25.07,11.58,6.08,20.0,4352.0,IR-O-U-0053,11,Overall,10.63
12.42,24.98,19.8,13.41,25.56,5.0,2.92,,60.0,,13.89,18.41,15.6,455.0,20.0,54.35,IR-O-U-0013,12,Overall,9.5
15.99,25.0,15.84,10.98,21.53,2.5,2.94,,60.0,,32.56,23.37,30.0,10.46,20.0,29.47,IR-O-U-0108,13,Overall,6.0
18.93,25.0,17.56,11.95,23.8,7.0,5.03,,60.0,,18.52,18.66,28.41,0.94,20.0,20.28,IR-O-U-0234,14,Overall,6.0
18.45,16.02,13.01,8.79,27.38,2.0,152.0,,56.94,,40.0,20.36,28.83,0.97,20.0,40.55,IR-O-U-0120,15,Overall,438.0
17.46,22.82,16.75,10.38,23.89,8.0,627.0,,60.0,,17.74,21.21,20.09,0.12,20.0,2741.0,IR-O-U-0391,16,Overall,475.0
18.69,25.0,18.17,10.0,19.88,7.0,3.59,,60.0,,21.91,21.86,27.06,2.5,20.0,30.67,IR-O-U-0436,17,Overall,5.0
17.46,24.41,18.24,638.0,22.61,450.0,2.22,,57.67,,30.14,2.63,23.73,5.98,20.0,44.1,IR-O-U-0575,18,Overall,5.3
18.4,23.25,16.73,9.74,20.67,2.25,156.0,,60.0,,33.79,10.48,26.85,725.0,20.0,26.77,IR-O-U-0496,19,Overall,3.38
10.33,25.0,18.34,19.39,24.73,1.0,5.02,,59.09,,25.39,16.47,24.93,0.0,15.0,11.67,IR-O-U-0304,20,Overall,3.88
20.0,16.86,12.97,434.0,22.14,9.0,0.68,,60.0,,23.42,16.54,23.96,,20.0,41.16,IR-O-U-0490,21,Overall,638.0
18.19,23.7,15.58,647.0,19.01,11.0,0.73,,60.0,,22.47,19.17,27.28,249.0,20.0,20.28,IR-O-U-0473,22,Overall,638.0
16.5,25.0,19.99,812.0,24.36,6.0,0.93,,60.0,,13.63,16.83,30.0,461.0,20.0,642.0,IR-O-I-1441,23,Overall,6.5
8.28,25.0,19.54,17.37,20.07,2.25,441.0,,60.0,,20.08,24.74,26.05,772.0,20.0,16.61,IR-O-U-0101,24,Overall,3.88
17.37,24.99,17.84,10.5,15.93,7.0,243.0,,60.0,,17.23,21.57,30.0,146.0,20.0,28.87,IR-O-U-0363,25,Overall,475.0
13.0,25.0,18.58,11.29,21.19,2.0,138.0,,55.64,,22.88,16.71,26.3,0.0,20.0,29.68,IR-O-U-0042,26,Overall,5.38
10.12,25.0,18.52,11.06,25.7,450.0,135.0,,59.15,,11.61,21.39,15.99,685.0,20.0,17.69,IR-O-U-0273,27,Overall,625.0
17.5,25.0,18.15,7.0,15.7,9.0,2.1,,60.0,,20.53,24.07,30.0,3.67,20.0,8.46,IR-O-U-0356,28,Overall,5.94
15.48,20.02,13.62,613.0,20.48,11.0,2.56,,50.62,,17.2,0.59,25.35,535.0,20.0,6118.0,IR-O-U-0439,29,Overall,738.0
15.0,17.04,13.24,9.97,21.98,6.5,0.82,,60.0,,14.23,17.13,20.9,834.0,20.0,56.51,IR-O-U-0467,30,Overall,4.06
15.24,15.42,12.7,931.0,23.67,8.0,2.06,,59.17,,18.8,19.24,11.2,10.44,20.0,38.97,IR-O-U-0701,31,Overall,438.0
17.85,24.13,14.43,432.0,16.13,11.0,184.0,,60.0,,18.05,22.92,30.0,133.0,20.0,22.48,IR-O-U-0747,32,Overall,438.0
8.26,25.0,18.29,20.0,30.16,0.5,148.0,,47.98,,772.0,18.41,30.0,0.0,20.0,26.56,IR-O-U-0079,33,Overall,249.0
15.85,19.76,16.2,831.0,23.98,450.0,1.79,,60.0,,16.96,14.98,16.37,9.09,20.0,15.78,IR-O-U-0357,34,Overall,475.0
13.38,17.0,14.13,9.1,24.6,5.0,136.0,,53.38,,20.18,20.95,11.79,791.0,20.0,23.19,IR-O-U-0205,35,Overall,8.5
10.07,22.36,1741.0,10.94,21.09,425.0,2.97,,59.76,,12.67,19.74,1481.0,9.57,20.0,16.34,IR-O-U-0064,36,Overall,9.0
16.37,22.79,15.24,442.0,20.4,12.0,181.0,,60.0,,14.32,14.5,28.62,0.0,20.0,,IR-O-U-0497,37,Overall,4.06
15.0,25.0,19.39,12.58,1431.0,5.0,134.0,,60.0,,11.51,23.18,30.0,631.0,20.0,14.64,IR-O-U-0222,38,Overall,475.0
9.0,24.72,19.27,13.24,20.47,0.75,177.0,,60.0,,935.0,22.54,21.28,4.1,20.0,20.03,IR-O-U-0139,39,Overall,7.0
17.5,25.0,16.91,10.45,14.32,4.0,231.0,,60.0,,12.97,13.67,29.7,0.63,20.0,23.19,IR-O-U-0329,40,Overall,3.63
14.0,25.0,1747.0,12.55,9.29,4.0,2.83,,60.0,,26.6,14.71,30.0,945.0,20.0,14.07,IR-O-U-0006,41,Overall,625.0
11.5,24.37,16.75,13.81,13.44,125.0,147.0,,60.0,,34.62,8.09,30.0,5.98,20.0,6.76,IR-O-U-0260,42,Overall,475.0
10.0,25.0,18.95,18.53,17.55,0.5,0.49,,60.0,,10.9,20.67,30.0,0.0,20.0,21.27,IR-O-U-0368,43,Overall,3.25
15.16,24.85,16.93,6.74,18.75,4.0,0.7,,60.0,,12.16,,26.03,1.96,20.0,11.36,IR-O-I-1480,44,Overall,475.0
15.0,24.03,18.85,10.34,16.05,5.0,0.45,,60.0,,12.32,14.06,23.18,10.29,20.0,22.48,IR-O-U-0263,45,Overall,475.0
16.19,25.0,18.31,5.27,18.55,8.0,0.67,,60.0,,13.12,15.9,29.92,0.93,20.0,3.89,IR-O-U-0020,46,Overall,425.0
14.36,25.0,18.39,450.0,16.59,1.0,1.5,,60.0,,28.18,0.47,28.84,2.5,20.0,24.79,IR-O-U-0570,47,Overall,2.56
16.4,24.99,18.31,5.98,13.23,8.0,0.46,,60.0,,14.68,19.48,30.0,7.06,20.0,10.42,IR-O-U-0458,48,Overall,475.0
18.0,20.74,12.43,347.0,15.83,13.0,0.33,,60.0,,931.0,23.81,23.35,2.73,20.0,23.88,IR-O-U-0379,49,Overall,3.75
11.97,25.0,18.92,12.1,18.67,2.25,2.55,,60.0,,15.69,4.76,30.0,419.0,20.0,,IR-O-U-0253,50,Overall,475.0
16.5,25.0,18.23,728.0,12.05,5.0,2.9,,60.0,,14.04,17.13,30.0,465.0,20.0,8.46,IR-O-U-0476,51,Overall,475.0
15.87,25.0,18.93,8.95,11.68,1.0,135.0,,60.0,,29.46,5.3,30.0,8.9,20.0,9.78,IR-O-U-0052,52,Overall,469.0
15.35,25.0,17.53,11.94,11.37,4.0,0.84,,60.0,,26.93,7.69,29.48,0.0,20.0,10.1,IR-O-U-0027,53,Overall,6.06
15.0,15.73,12.61,13.17,19.48,5.0,1.83,,60.0,,13.98,16.85,16.27,955.0,20.0,29.47,IR-O-U-0237,54,Overall,3.25
688.0,24.78,16.5,13.1,19.9,450.0,124.0,,50.6,,9.79,1731.0,22.64,4.28,20.0,23.65,IR-O-U-0305,55,Overall,75.0
10.02,20.57,15.54,1145.0,20.92,1.0,141.0,,60.0,,10.37,22.76,13.28,761.0,20.0,18.48,IR-O-U-0378,56,Overall,838.0
16.47,15.32,11.03,7.5,18.03,2.5,147.0,,46.74,,33.63,16.39,27.58,129.0,20.0,25.46,IR-O-U-0078,57,Overall,644.0
10.05,23.25,18.99,11.7,18.66,450.0,0.76,,56.23,,8.92,24.12,19.21,5.67,20.0,13.78,IR-O-U-0184,58,Overall,5.3
14.6,24.47,18.98,8.0,15.67,125.0,0.71,,60.0,,19.88,0.0,30.0,0.9,20.0,6.07,IR-O-U-0196,59,Overall,8.0
443.0,25.0,19.17,19.86,21.1,0.0,3.29,,60.0,,6.64,10.84,25.63,0.0,20.0,13.48,IR-O-U-0236,60,Overall,431.0
9.3,24.06,17.46,630.0,20.63,0.75,0.84,,60.0,,23.97,0.68,27.14,3.73,20.0,12.28,IR-O-U-0448,61,Overall,425.0
16.5,25.0,10.99,5.52,18.77,2.25,0.92,,60.0,,11.27,13.41,2112.0,1.69,20.0,22.0,IR-O-U-0098,62,Overall,613.0
1439.0,17.3,14.21,8.56,19.68,450.0,0.56,,60.0,,12.82,14.0,14.36,,20.0,23.19,IR-O-U-0025,63,Overall,425.0
15.5,22.38,13.89,6.69,17.52,7.0,0.23,,60.0,,0.78,20.33,24.99,0.09,20.0,19.52,IR-O-U-0564,64,Overall,450.0
9.0,20.47,16.25,8.99,19.82,7.0,126.0,,60.0,,1148.0,5.79,24.39,3.99,20.0,16.06,IR-O-U-0308,65,Overall,438.0
10.14,24.22,18.8,13.53,18.04,125.0,2.5,,60.0,,341.0,20.46,20.71,621.0,20.0,8.8,IR-O-U-0395,66,Overall,3.69
6.96,24.68,18.4,12.28,20.24,125.0,0.7,,57.63,,10.83,12.93,17.64,182.0,20.0,16.61,IR-O-U-0572,67,Overall,5.25
12.2,25.0,19.24,854.0,17.38,0.0,0.59,,48.93,,21.91,2.79,30.0,0.0,20.0,21.76,IR-O-I-1357,68,Overall,413.0
12.0,25.0,19.63,788.0,9.87,0.5,0.56,,60.0,,20.92,18.82,30.0,11.44,20.0,535.0,IR-O-U-0498,69,Overall,475.0
729.0,22.25,16.79,11.46,17.01,2.0,0.58,,60.0,,12.82,23.77,23.92,345.0,20.0,1742.0,IR-O-U-0377,70,Overall,5.3
13.68,25.0,18.82,12.18,14.91,2.0,0.14,,60.0,,577.0,11.92,30.0,0.74,20.0,25.46,IR-O-I-1110,71,Overall,475.0
14.5,23.51,12.93,621.0,13.57,11.0,0.7,,60.0,,2.97,15.63,27.8,0.0,20.0,30.47,IR-O-U-0555,72,Overall,3.38
13.31,24.01,17.86,5.69,13.93,2.5,0.44,,60.0,,13.27,0.53,30.0,544.0,20.0,27.2,IR-O-U-0435,73,Overall,3.75
14.0,22.34,16.25,8.56,14.78,125.0,0.83,,60.0,,11.31,15.07,30.0,1.66,20.0,16.61,IR-O-U-0107,74,Overall,3.5
8.72,21.72,17.05,12.99,16.75,125.0,0.65,,59.55,,10.55,23.65,19.97,342.0,20.0,6.07,IR-O-U-0272,75,Overall,8.0
11.06,20.67,15.02,735.0,18.8,4.0,0.6,,60.0,,16.94,159.0,30.0,147.0,20.0,17.96,IR-O-U-0447,76,Overall,3.5
1441.0,1748.0,13.66,727.0,20.98,2.25,128.0,,59.38,,10.55,13.65,19.98,,20.0,4.99,IR-O-U-0410,77,Overall,6.0
,25.0,17.92,18.23,19.22,0.5,0.47,,54.01,,1.03,24.92,28.48,0.55,20.0,14.36,IR-O-U-0691,78,Overall,2.75
842.0,25.0,16.89,16.13,14.46,125.0,2.7,,59.64,,12.03,141.0,30.0,3.23,20.0,3.89,IR-O-U-0262,79,Overall,475.0
8.66,20.22,16.67,9.5,17.79,2.25,0.9,,59.92,,837.0,2141.0,15.22,5.25,20.0,20.03,IR-O-U-0355,80,Overall,425.0
10.12,25.0,18.51,15.11,16.08,2.0,2.8,,,,13.51,127.0,28.21,127.0,20.0,642.0,IR-O-U-0381,81,Overall,4.06
10.0,24.41,16.12,7355.0,19.87,2.5,0.36,,60.0,,6.99,4.1,25.95,8.04,20.0,11.05,IR-O-C-16604,82,Overall,3.75
9.52,25.0,18.94,19.24,14.86,2.0,1.04,,60.0,,2.46,682.0,28.53,5.18,20.0,,IR-O-U-0523,83,Overall,2.56
13.3,23.85,17.26,918.0,16.89,7.0,0.96,,55.0,,6.68,11.64,30.0,2.62,20.0,41.0,IR-O-U-0295,84,Overall,488.0
11.0,24.72,19.87,12.72,11.79,125.0,0.45,,60.0,,5.82,18.39,26.48,1.76,20.0,13.78,IR-O-U-0642,85,Overall,3.88
11.09,20.14,15.83,8.65,15.18,6.5,149.0,,59.54,,957.0,12.16,20.92,5.29,20.0,12.59,IR-O-U-0334,86,Overall,3.94
12.5,25.0,18.94,10.52,10.52,0.0,0.73,,60.0,,18.84,0.48,30.0,2.09,20.0,3.52,IR-O-U-0195,87,Overall,413.0
14.86,25.0,17.0,12.09,778.0,1.0,1.8,,58.84,,19.18,2.32,30.0,6.76,20.0,,IR-O-U-0485,88,Overall,419.0
6.67,2481.0,18.98,10.5,1715.0,1.5,135.0,,49.5,,3.02,19.94,21.08,2.66,20.0,19.0,IR-O-U-0014,89,Overall,788.0
14.61,25.0,17.79,7.76,4.18,7.0,0.78,,60.0,,10.62,20.13,29.51,178.0,20.0,8.46,IR-O-U-0446,90,Overall,619.0
12.63,12.34,942.0,8.06,19.12,0.75,0.81,,54.23,,25.17,2.58,24.97,2.61,20.0,16.61,IR-O-U-0323,91,Overall,9.0
16.86,18.87,11.81,10.52,731.0,1.0,175.0,,60.0,,28.25,2.8,30.0,6.08,20.0,10.73,IR-O-U-0318,92,Overall,638.0
15.77,22.86,13.44,438.0,10.54,7.0,0.34,,60.0,,8.96,19.69,29.54,3.73,20.0,913.0,IR-O-U-0474,93,Overall,488.0
12.31,25.0,17.68,174.0,9.96,125.0,2.29,,60.0,,13.3,441.0,29.17,3.96,20.0,1.6,IR-O-U-0200,94,Overall,438.0
13.89,25.0,18.09,12.06,9.75,450.0,0.53,,60.0,,5.25,16.27,28.13,0.01,20.0,3.89,IR-O-N-10,95,Overall,3.5
18.0,16.52,11.79,3.88,10.09,5.0,0.51,,60.0,,544.0,20.53,30.0,3.7,20.0,37.84,IR-O-U-0217,96,Overall,6.0
11.85,16.88,13.84,751.0,21.17,425.0,0.42,,60.0,,10.76,12.84,15.23,,20.0,463.0,IR-O-U-0055,97,Overall,3.43
14.76,22.96,1458.0,5.18,12.44,7.0,0.36,,60.0,,4.04,18.89,2755.0,31.0,20.0,,IR-O-U-0749,98,Overall,6.0
11.0,25.0,19.93,710.0,778.0,0.75,0.81,,60.0,,10.37,12.2,29.25,10.28,20.0,18.48,IR-O-U-0739,99,Overall,488.0
5.4,25.0,17.95,18.85,14.04,0.0,0.78,,58.25,,0.0,20.39,27.93,156.0,20.0,20.28,IR-O-U-0688,100,Overall,194.0
